ID,earn,height,sex,race,ed,age
1,79571.29901,73.89,male,white,16,49
2,96396.98864,66.23,female,white,16,62
3,48710.66695,63.77,female,white,16,33
4,80478.09615,63.22,female,other,16,95
5,82089.3455,63.08,female,white,17,43
6,15313.3529,64.53,female,white,15,30
7,47104.17182,61.54,female,white,12,53
8,50960.05428,73.29,male,white,17,50
9,3212.649556,72.24,male,hispanic,15,25
10,42996.63788,72.4,male,white,12,30
11,10328.61884,70.22,male,white,16,69
12,1002.307155,63.15,female,white,14,54
13,47597.81986,68.11,male,white,11,38
14,19019.5423,68.08,male,white,12,31
15,20063.99664,64.86,female,white,12,55
16,992.8323463,60.06,female,white,12,31
17,35972.17112,66.01,female,white,16,39
18,26930.54396,68.07,male,white,12,62
19,64602.06397,68.16,female,white,14,33
20,69993.69307,70.02,male,white,13,48
21,1000.218306,67.08,female,white,9,25
22,12131.82212,64.2,female,black,12,59
23,84223.39792,72.76,male,black,13,39
24,8949.474935,62.17,female,white,13,55
25,23278.32328,63.04,female,white,14,25
26,8750.139185,66.67,male,white,14,26
27,64593.59981,65.95,female,white,12,45
28,54079.81495,71.69,male,white,12,49
29,16896.10004,62.76,female,black,12,39
30,-95.71027923,68.46,male,white,11,25
31,43938.8576,64.07,female,white,16,64
32,1004.095614,60,female,white,12,48
33,79478.04682,71.97,male,white,16,42
34,984.7618133,68.25,female,white,12,59
35,65237.77005,76.68,male,white,16,37
36,978.8720908,63.77,female,white,10,23
37,24845.42859,63.96,female,white,14,29
38,40754.10297,63.72,female,white,12,37
39,119251.0551,71.92,male,white,17,43
40,42933.01226,68.12,male,white,17,35
41,20088.31146,64.48,female,white,12,30
42,12924.224,60.94,female,white,14,82
43,48693.4798,67.19,female,black,14,35
44,34383.10185,65.05,female,white,12,61
45,43928.41983,64.17,female,white,14,30
46,5782.248948,66.49,female,white,15,69
47,40758.55772,65.58,female,white,12,34
48,39162.87545,64.93,female,white,12,45
49,51896.84667,67.02,female,white,18,33
50,16905.14086,67.49,female,white,17,34
51,1000.991111,70.03,female,white,12,61
52,18497.85389,60.61,female,hispanic,12,25
53,30740.47804,64.92,female,white,13,36
54,32803.44269,62,female,white,12,33
55,5529.471498,72.16,male,white,10,22
56,20594.71121,66.35,male,black,8,60
57,39816.5002,70.09,male,white,12,69
58,33327.59878,70.05,male,white,17,45
59,55067.79312,68.49,female,white,17,53
60,10545.45025,60.13,female,white,12,69
61,26979.29767,71.15,male,white,12,32
62,55634.16968,70.77,male,white,12,36
63,6380.091481,72.87,male,white,13,22
64,23264.37419,68,female,white,14,59
65,16918.21892,65.64,female,white,12,61
66,39676.2645,68.74,male,white,16,33
67,994.1335039,63.02,female,white,8,67
68,26420.83225,62.8,female,white,14,31
69,986.4492911,65.99,female,black,13,34
70,986.9936276,64.66,female,white,12,30
71,25550.75591,62.04,male,hispanic,14,32
72,27235.26802,64.24,female,white,14,47
73,7354.053632,63.82,female,white,9,72
74,7101.324159,66.95,female,white,9,56
75,35041.7055,71.28,male,white,12,43
76,1318.875553,59.63,female,white,16,57
77,42343.34397,66.34,female,white,16,31
78,4985.246016,66,female,white,15,25
79,28022.63867,65.49,female,white,14,43
80,13729.67202,69.96,female,white,13,26
81,991.5999663,64.79,female,white,13,67
82,20074.77298,66.35,female,white,13,72
83,16901.65588,62.09,female,white,12,51
84,16899.21842,65.83,female,white,15,71
85,999.3380971,63.78,female,white,14,42
86,23831.53165,71.81,male,white,12,43
87,4812.715281,67.12,female,hispanic,8,43
88,47742.12527,68.19,male,hispanic,12,36
89,47655.59072,69.76,male,white,12,37
90,16892.6857,61.91,female,white,12,42
91,8934.46253,63.29,female,white,13,30
92,20099.92184,65.48,female,white,13,67
93,32803.30259,69.75,female,white,10,65
94,32811.86237,68.09,female,white,12,40
95,31765.89678,70.21,male,white,14,27
96,1001.000439,65.99,female,white,12,63
97,2907.206417,66.23,female,white,12,24
98,2115.675897,67.79,female,white,16,36
99,31884.90924,69.94,male,white,16,31
100,16905.02208,60.75,female,hispanic,12,26
101,48686.33523,62.9,female,white,12,77
102,64606.32352,63.47,female,white,14,60
103,39751.19403,67.14,male,white,12,93
104,16881.71416,60.66,female,white,17,83
105,96382.89009,69.55,female,white,18,67
106,986.2286138,63.46,female,white,12,25
107,29618.82512,67.83,female,white,12,70
108,26500.24296,64.39,female,white,12,37
109,24854.97274,67.01,female,black,14,34
110,15885.51951,68.79,male,white,17,27
111,53463.62235,67.05,female,white,13,47
112,29627.8222,67.83,female,white,12,34
113,24843.17486,63.03,female,white,12,41
114,33438.21009,70.97,male,white,12,26
115,34374.0791,63.91,female,black,17,47
116,58834.16685,68.22,male,white,11,41
117,61429.18541,68.43,female,white,17,48
118,28014.73456,65.53,female,hispanic,14,47
119,981.6567037,66.13,female,white,12,33
120,996.1821113,66.31,female,other,16,36
121,50924.65836,77.12,male,white,16,34
122,44729.61505,67.17,female,white,12,62
123,27223.3657,62.11,female,white,12,48
124,1007.70988,64.5,female,white,17,34
125,996.8286018,71.96,female,white,12,55
126,40750.02264,67.42,female,white,18,39
127,43929.45419,61.17,female,white,18,47
128,8949.671016,63.6,female,white,12,32
129,112309.6607,61.91,female,white,16,42
130,8939.554976,62.83,female,white,12,44
131,7932.571034,67.83,male,white,16,28
132,32800.80235,63.71,female,white,15,30
133,6359.005983,71.36,male,white,15,25
134,96383.07642,64,female,white,16,39
135,8967.876472,60.96,female,white,13,35
136,47691.87646,74.21,male,white,12,42
137,111283.2594,70.25,male,white,14,39
138,79481.94082,71.08,male,white,16,45
139,70960.34209,62.85,female,white,12,43
140,48722.16772,63.61,female,white,14,47
141,997.8911126,62.03,female,white,16,36
142,16912.15557,62.08,female,white,16,44
143,37573.29907,70.15,female,white,17,46
144,1005.10722,62.1,female,white,12,43
145,71548.08766,70.76,male,white,17,66
146,23878.81118,71.04,male,white,14,35
147,7344.957579,69.86,female,white,14,75
148,26877.87018,67.02,male,white,14,35
149,48708.52563,64.16,female,white,12,36
150,44711.13954,67.09,female,white,12,34
151,10044.72251,62.1,female,white,8,73
152,29611.17677,61.76,female,hispanic,13,60
153,68256.89671,67.95,male,black,13,48
154,51888.97131,62.5,female,black,14,48
155,995.4657572,66.19,female,black,5,55
156,16887.14573,68.16,female,black,18,60
157,95449.61023,74.23,male,white,13,49
158,34383.70452,68.07,female,other,12,54
159,4807.831331,61.74,female,white,16,26
160,2587.631853,65.9,female,white,15,32
161,42922.56794,68.18,male,white,12,31
162,11485.99452,60.18,female,hispanic,14,32
163,25447.4653,67.55,male,white,8,47
164,143095.8521,72.09,male,white,12,30
165,13720.50537,66.27,female,white,12,46
166,31829.28833,67.86,male,white,10,36
167,24858.22699,67.47,female,white,12,22
168,20078.96619,69.1,female,white,12,64
169,39165.2382,64.15,female,white,16,50
170,32794.54065,65.02,female,white,14,43
171,31207.45009,61.19,female,white,12,50
172,15970.26223,71.89,male,white,12,53
173,64610.35798,66.19,female,white,16,38
174,991.6289097,61.91,female,white,10,61
175,995.0909106,59.91,female,hispanic,10,52
176,39783.94695,67.85,male,white,14,68
177,39684.62413,70.08,male,white,12,28
178,39724.6811,71.13,male,white,14,36
179,30201.51724,71.51,male,white,16,65
180,70051.75089,68.28,male,white,16,52
181,1007.957146,65.81,female,white,12,23
182,1012.931152,63.07,female,white,18,59
183,24854.2036,60.32,female,white,14,53
184,28036.27308,63.06,female,white,12,40
185,38198.2508,67.61,male,white,12,60
186,37585.52111,63.65,female,white,12,41
187,20628.29552,70.44,male,white,12,78
188,103375.8778,67.81,male,white,16,50
189,12129.46412,60.95,female,white,12,67
190,63635.65709,67.78,male,white,18,67
191,24843.75433,66.4,female,white,17,47
192,31795.57881,69.7,male,white,16,29
193,31852.20623,70.62,male,white,12,54
194,32804.65455,64.76,female,white,12,46
195,40747.14078,66.06,female,white,12,53
196,77889.57639,69.9,male,white,13,41
197,1010.190899,63.84,female,white,12,40
198,1009.691869,63,female,white,16,39
199,40750.88305,61.39,female,white,12,69
200,18480.68245,66.26,female,white,14,61
201,26423.12934,60.8,female,white,15,42
202,55572.03621,72,male,white,14,47
203,198835.4339,74.22,male,white,18,49
204,37566.53669,66.83,female,white,12,51
205,28022.23751,66.01,female,white,16,32
206,1016.491013,62.09,female,white,13,35
207,43933.83837,62.21,female,white,12,45
208,111301.9251,72.23,male,white,14,36
209,56639.28749,65.17,female,white,15,51
210,16899.23075,60.07,female,white,12,66
211,56646.5578,61.91,female,white,15,43
212,24858.29737,66.01,female,white,12,42
213,20065.304,64.06,female,white,12,43
214,12641.14837,71.01,male,white,12,72
215,13742.37332,65.32,female,white,12,54
216,55575.09082,73.15,male,white,18,54
217,71500.59892,68.92,male,white,11,55
218,997.0724565,64.04,female,white,12,62
219,24845.73921,64.09,female,white,14,26
220,24831.14446,61.37,female,white,12,81
221,39143.60766,67.06,female,white,18,55
222,40770.58602,61.68,female,white,13,36
223,40764.77855,62.82,female,black,14,58
224,31727.70358,66.64,male,other,10,32
225,39154.25445,67.86,female,white,12,28
226,69902.47521,72.3,male,white,16,50
227,109708.7488,69.94,male,white,12,42
228,98535.10683,69.96,male,white,18,48
229,50919.6738,67.17,male,black,14,36
230,32810.04396,62.83,female,black,12,37
231,51892.94239,65.68,female,other,18,39
232,40756.0695,65.9,female,white,17,54
233,270275.8942,71.07,male,white,18,49
234,1001.225118,66.07,female,black,11,33
235,55728.58992,66.9,male,white,16,37
236,63516.27935,76.48,male,black,16,42
237,52438.92296,68.71,male,white,14,34
238,29615.61538,65.41,female,white,12,26
239,48695.6589,61.92,female,white,13,47
240,42341.78929,61.97,female,white,12,35
241,8962.402456,61.72,female,white,12,25
242,32800.63557,62.29,female,white,16,77
243,28011.6417,60.95,female,white,12,34
244,51878.81329,65.16,female,white,14,32
245,23868.14739,72,male,white,14,26
246,981.1949001,65.92,female,white,17,45
247,79510.34066,72.13,male,white,14,59
248,13722.14136,63.85,female,white,12,43
249,63693.41109,71.29,male,white,14,55
250,63610.475,72.43,male,white,15,45
251,52085.52946,65.85,male,white,12,38
252,32803.47923,65,female,white,14,73
253,58230.58792,64.9,female,black,15,43
254,10542.89021,61.48,female,white,12,68
255,20095.54583,65.97,female,black,14,38
256,95430.61042,66.78,male,white,14,67
257,64613.06682,64.3,female,white,13,48
258,69383.42585,63.28,female,white,12,42
259,72549.362,67.36,female,white,16,38
260,10522.9175,67.83,female,white,18,43
261,13718.45439,64.51,female,other,10,86
262,32796.95087,63.87,female,black,13,43
263,27064.54982,66.1,male,black,12,27
264,4182.394235,65.48,female,white,12,36
265,103364.4764,64.43,male,white,12,32
266,79469.68267,72.13,male,white,12,45
267,998.6825584,67.92,female,white,11,58
268,998.6844955,62.69,female,white,11,33
269,18477.78033,67.83,female,white,12,42
270,55628.23092,74.41,male,white,18,34
271,42838.86077,63.1,male,white,12,37
272,6565.331235,63.75,female,white,12,65
273,66836.76025,68.19,male,white,12,41
274,32800.53584,66.94,female,white,18,33
275,24847.46757,66.65,female,white,12,33
276,15859.53144,72.86,male,white,12,25
277,1003.641674,62.21,female,white,12,52
278,9490.296904,69.22,male,white,8,82
279,28032.18686,64.95,female,hispanic,16,27
280,55589.09431,68.9,male,hispanic,16,69
281,44516.1125,77.02,male,white,14,32
282,24848.51502,68.07,female,white,12,37
283,32819.85184,62.2,female,white,17,28
284,32807.46667,64.07,female,white,12,33
285,16671.50113,66.55,male,hispanic,12,46
286,20550.11504,70.19,male,white,16,26
287,16894.14542,62.2,female,white,12,56
288,5768.926659,62.71,female,white,12,41
289,39157.58192,61.99,female,white,14,33
290,998.5033874,62.81,female,white,17,45
291,28024.60101,68.84,female,white,13,39
292,18494.09614,64.28,female,white,12,52
293,1028.796709,64.52,female,white,14,41
294,51883.97214,68.63,female,white,14,44
295,28035.16406,59.06,female,white,15,30
296,5764.826401,66.36,female,other,12,39
297,1000.438447,64.97,female,white,12,45
298,4330.563274,62,female,black,12,25
299,5042.872885,75.18,male,black,11,38
300,28044.01761,62.99,female,white,17,30
301,48696.6895,65.03,female,white,13,32
302,23793.59629,70.02,male,white,12,36
303,39169.72061,68.32,female,white,16,46
304,16889.51586,65.01,female,white,14,71
305,79469.65242,69.22,male,white,8,57
306,79521.03099,71.7,male,white,16,57
307,32811.11716,63.65,female,white,17,53
308,48692.70459,62.84,female,hispanic,18,58
309,1000.81651,63.41,female,white,12,67
310,1019.521751,65.4,female,white,10,52
311,986.0550834,63.07,female,white,5,62
312,35986.0131,73.2,female,white,14,49
313,42903.38178,74.77,male,white,12,28
314,7363.895202,65.14,female,white,12,42
315,28828.8892,66.55,female,white,17,30
316,27220.07463,65.93,female,white,14,32
317,45524.39106,63.91,female,white,16,43
318,83682.96353,66.1,female,white,18,54
319,24854.28624,63.68,female,white,16,33
320,31210.04502,62.71,female,white,13,36
321,998.792807,62.75,female,white,13,48
322,42834.45043,72.72,male,white,12,27
323,23793.05683,72,male,white,8,62
324,1004.688193,66.06,female,white,12,28
325,23873.56732,71.94,male,white,14,37
326,24035.95899,63.9,female,white,12,59
327,39149.81271,64.24,female,white,13,34
328,28581.71976,68.16,male,white,15,40
329,7351.362244,61.96,female,white,12,72
330,7350.343896,68.48,female,white,13,61
331,2098.282557,59.46,female,white,12,40
332,39169.75014,64.79,female,white,12,95
333,42926.38696,76.09,male,white,12,43
334,20091.49317,71.41,female,white,12,39
335,35985.2005,62.08,female,white,18,51
336,48698.20427,62.21,female,white,13,40
337,55616.97248,71.55,male,white,12,65
338,31836.53096,73.79,male,white,12,46
339,51897.55712,65.16,female,white,16,36
340,10565.08035,62.79,female,other,12,35
341,20084.36314,66.52,female,white,12,43
342,989.32483,65.05,female,white,16,48
343,16893.65062,62.93,female,white,12,35
344,2583.37636,65.01,female,white,12,22
345,20057.94699,63.83,female,white,15,75
346,26434.53563,65.19,female,white,12,40
347,990.6328299,67.9,female,white,16,45
348,40730.78692,62.87,female,white,16,37
349,40751.8596,69.96,female,white,12,31
350,50933.48795,68.62,male,white,12,34
351,55621.93741,66.75,male,white,14,47
352,10538.83672,65.05,female,white,12,32
353,127210.6277,69.39,male,white,14,48
354,32799.58803,67.7,female,white,14,29
355,2598.335978,66.37,female,white,17,42
356,44502.68754,71.38,male,hispanic,13,42
357,41290.7032,63.87,male,hispanic,16,27
358,42946.13843,74.16,male,white,12,28
359,29617.12421,61.92,female,white,13,45
360,4203.924936,64.84,female,white,12,63
361,31774.6724,69.09,male,white,12,70
362,10547.65934,66.08,female,white,16,52
363,998.2229373,60.16,female,white,10,72
364,39793.23607,66.6,male,white,11,67
365,19083.06627,72.94,male,white,12,33
366,982.6037071,65.13,female,white,18,30
367,19019.43835,76.02,male,white,12,61
368,47621.5507,70.14,male,white,14,80
369,1002.027896,64.18,female,white,12,34
370,7352.906096,63,female,black,15,26
371,42344.14122,62.96,female,black,13,41
372,36597.11851,70.04,male,black,12,39
373,33372.93631,71.27,male,white,12,37
374,40755.66012,65.19,female,white,12,66
375,28578.77725,69.48,male,white,16,79
376,7372.742449,63.48,female,white,13,48
377,39006.15414,64.11,female,white,12,26
378,56653.76131,63.44,female,white,18,44
379,41312.41171,67.15,male,white,14,34
380,39767.88412,65.82,male,white,16,40
381,38374.92649,68.18,female,white,13,31
382,20079.9008,64.7,female,white,12,26
383,24856.38526,66.85,female,white,12,24
384,4771.497985,72.62,male,white,17,27
385,10538.59979,63.68,female,white,12,71
386,22284.68986,70.77,male,white,12,73
387,24851.19454,63.17,female,white,16,35
388,278213.5318,71.05,male,white,16,52
389,1012.728575,62.7,female,white,12,55
390,1605.964933,72.85,male,white,18,29
391,16899.98385,64.92,female,white,14,67
392,71575.5886,65.94,male,white,13,86
393,24854.25818,66.21,female,white,12,85
394,32804.55237,59,female,white,13,45
395,55626.75073,69.9,male,white,16,34
396,63619.6598,71.96,male,white,16,32
397,56660.05172,64.27,female,white,12,76
398,80491.70592,65.48,female,white,16,58
399,159001.9299,69.42,male,white,18,61
400,55744.07026,69.09,male,white,13,32
401,1019.393703,65.85,female,white,12,55
402,39166.08921,68.19,female,white,12,39
403,994.9541677,64.15,female,white,12,34
404,1016.641675,63.06,female,white,12,64
405,55597.07755,73.86,male,white,17,47
406,60429.42167,72.55,male,white,16,78
407,47666.46944,67.35,male,white,12,56
408,8958.406833,64.3,female,hispanic,12,43
409,235388.7192,66.72,male,white,18,42
410,47782.44652,69.45,male,white,12,36
411,11338.94704,63.76,female,white,15,35
412,5765.713783,61.71,female,white,16,41
413,986.4551654,65.94,female,white,8,57
414,36713.08783,69.45,male,white,18,73
415,63544.16009,67.69,male,white,17,45
416,47713.27462,71.77,male,white,14,43
417,998.3461148,63.09,female,white,14,33
418,23257.55906,63.09,female,white,12,41
419,24843.79236,68.86,female,white,12,38
420,42347.40103,63.75,female,white,18,40
421,13720.56149,71.45,female,white,12,29
422,39159.79683,63.98,female,black,16,31
423,-12.01671378,72.08,male,white,8,24
424,1013.271477,62.27,female,white,12,29
425,988.758787,65.93,female,white,10,42
426,8181.730282,65.8,male,white,8,71
427,16889.81033,60.72,female,white,15,29
428,1016.502739,69.1,female,white,13,23
429,20100.26426,68.3,female,white,16,36
430,999.8453884,65.9,female,white,12,27
431,79521.03475,67.87,male,white,17,38
432,37551.8484,63.61,female,white,13,30
433,1016.373107,61,female,white,16,44
434,63578.59627,65.98,male,black,14,38
435,10543.65189,61.86,female,black,13,30
436,8955.40315,64.86,female,black,16,34
437,174917.8485,65.81,male,white,18,41
438,65089.76379,72.05,male,hispanic,13,36
439,37562.85274,62.95,female,white,13,82
440,1000.542216,63.1,female,white,12,36
441,33354.94447,69.91,male,white,12,27
442,7358.506979,62.02,female,white,12,33
443,39763.76607,71.11,male,white,12,40
444,47665.41867,69.84,male,white,18,50
445,23255.71926,64.04,female,white,11,55
446,10546.27054,63.34,female,white,12,39
447,23266.38198,65.03,female,white,12,50
448,68461.37564,70.81,male,white,12,31
449,40750.23152,61.87,female,white,15,37
450,63533.92525,73.05,male,white,12,70
451,103313.6222,67.86,male,white,17,44
452,25439.90944,76.18,male,white,15,36
453,13715.90347,65.99,female,white,12,75
454,32795.51501,64.02,female,white,15,43
455,23259.28261,60.01,female,white,14,76
456,71637.55289,67.86,male,white,12,78
457,13712.76622,61.18,female,white,11,76
458,19065.51795,66.13,male,white,12,32
459,13735.40752,63.02,female,white,14,35
460,26440.49888,62.85,female,white,15,36
461,9579.845649,73.86,male,white,15,77
462,30173.63009,69.92,male,white,12,36
463,34396.1597,68.26,female,white,13,43
464,69369.6365,69.64,female,white,18,50
465,55664.3998,69.15,male,white,15,25
466,12747.04234,69.42,male,white,10,79
467,34385.44305,62.74,female,white,14,45
468,10233.0798,65.15,female,white,12,34
469,27082.7071,68.85,male,white,12,50
470,38087.32202,68.15,male,white,14,53
471,8935.979294,62.14,female,white,11,75
472,18489.6236,65.91,female,white,12,27
473,15920.5922,65.15,male,white,13,31
474,63608.3668,70.11,male,white,14,40
475,993.5154492,66,female,black,12,41
476,63604.63098,70.06,male,white,12,51
477,39163.51865,66.36,female,black,14,33
478,38187.40734,68.23,male,white,16,30
479,31761.68017,67.77,male,white,16,37
480,95330.54484,69.87,male,white,18,54
481,18482.85945,65.28,female,white,13,51
482,8950.515493,63.91,female,white,15,44
483,43919.14204,64.88,female,white,16,34
484,141452.6134,77.21,male,white,16,45
485,63665.59484,70.36,male,white,14,32
486,24859.81517,64.15,female,white,16,30
487,2581.04294,63.83,female,white,14,24
488,998.7267967,62.04,female,white,12,32
489,35995.18034,64.2,female,white,12,64
490,20086.17546,63.93,female,white,8,52
491,35968.84328,63.09,female,white,16,32
492,64581.95205,57.94,female,black,12,60
493,994.3239529,66,female,white,12,62
494,64599.9564,62.1,female,white,16,48
495,995.4860495,60.97,female,white,13,46
496,56649.76733,63.61,female,hispanic,14,57
497,12129.41841,64.22,female,white,12,32
498,23257.45318,61.35,female,white,12,41
499,24849.26451,64.06,female,white,12,60
500,997.0602405,66.31,female,black,14,35
501,10536.81647,66.3,female,white,13,38
502,18491.46325,68.48,female,black,12,45
503,16894.87158,63.71,female,white,13,35
504,1004.081672,62.42,female,white,12,63
505,31776.75086,71.11,male,white,14,45
506,12132.27314,62.1,female,white,12,77
507,60439.38407,67.95,male,white,9,50
508,46075.03539,67.96,male,white,9,62
509,32794.33258,62.48,female,white,10,48
510,13726.4773,63,female,white,12,61
511,57180.2849,69.28,male,white,16,55
512,3396.410788,67.46,female,white,12,48
513,67766.07102,63.84,female,white,18,33
514,39705.6238,69.96,male,white,12,26
515,20670.47568,69.3,male,white,10,24
516,47728.09913,69.4,male,black,11,55
517,11260.28579,69.05,male,white,12,27
518,50295.01023,59.96,female,black,12,52
519,24861.21883,66.62,female,black,12,46
520,987.1532881,59.86,female,white,18,45
521,79449.07802,66.77,male,white,16,53
522,7902.166814,66.39,male,white,15,24
523,1955.168187,69.87,female,black,12,22
524,23250.19815,63.89,female,black,8,55
525,64598.4563,59.72,female,other,18,39
526,38212.88619,68.14,male,white,18,40
527,35071.36648,73.49,male,black,12,28
528,31732.00845,71.98,male,white,8,40
529,32973.46426,63.69,female,white,12,42
530,19100.61268,66.85,male,white,13,71
531,66201.68697,66.88,female,white,13,44
532,20636.44544,70.68,male,black,9,54
533,1016.75165,63.23,female,white,12,29
534,95424.90844,73.21,male,white,16,35
535,38084.90994,69.94,male,white,16,29
536,60380.56196,69.85,male,white,16,40
537,5781.365367,71.49,female,white,14,31
538,21666.01785,66.05,female,white,12,34
539,7893.447455,75.04,male,white,12,25
540,32801.70962,59.83,female,white,14,41
541,34894.9421,71.97,male,white,12,32
542,990.3667897,63.08,female,black,16,27
543,44509.74314,75.11,male,black,9,59
544,35983.45572,59.68,female,white,12,45
545,47725.92514,72.54,male,black,12,48
546,48687.90131,64.93,female,black,12,36
547,47617.14218,67.12,male,white,16,35
548,51881.11373,60.77,female,white,12,73
549,42328.80079,69,female,white,17,47
550,35974.94676,64.05,female,white,14,38
551,39662.96206,70.18,male,white,12,37
552,18481.47382,68.24,female,white,10,28
553,21658.72637,62.09,female,white,12,57
554,16913.36768,64.15,female,white,15,46
555,1002.392336,67.76,female,white,12,28
556,20068.06073,68.05,female,white,12,49
557,56.37813386,66.18,male,white,13,61
558,12123.37893,64.22,female,white,11,68
559,90527.23782,72.92,male,white,14,41
560,57196.63019,73.38,male,white,16,41
561,46069.14454,68.71,male,hispanic,14,33
562,13727.17038,67.87,female,white,13,23
563,4831.589257,71.34,male,black,11,22
564,990.5360284,63.2,female,white,12,68
565,32809.72655,66.19,female,white,16,45
566,995.4754884,65.81,female,white,12,40
567,52457.29599,66.22,male,white,12,61
568,24864.53621,68.26,female,hispanic,12,72
569,25420.12962,69.66,male,white,12,37
570,8949.60197,62.17,female,white,12,82
571,13733.77487,65.98,female,white,14,47
572,51874.57374,63,female,black,16,38
573,23102.78119,74.97,male,white,12,28
574,21676.2739,66.86,female,white,12,33
575,1008.338792,62.22,female,white,10,24
576,12134.44673,63.24,female,white,9,29
577,80502.53204,65.44,female,black,18,69
578,20075.11247,68.84,female,black,12,39
579,30282.46731,71.33,male,white,14,65
580,15324.38108,62.23,female,white,12,59
581,32794.19836,64.92,female,black,12,39
582,87392.6632,72.34,male,hispanic,18,39
583,16890.3327,65.12,female,white,12,44
584,21661.0075,62.9,female,white,12,23
585,32809.66622,64.34,female,white,13,35
586,47708.89179,71.9,male,white,12,30
587,20074.66664,64.39,female,white,12,38
588,42347.16641,70.17,female,white,13,37
589,20882.68093,65.09,female,white,12,31
590,13706.6343,64.38,female,white,12,33
591,24851.84803,64.12,female,hispanic,16,36
592,103274.0935,67.05,male,white,14,29
593,39730.40078,73.13,male,white,10,25
594,12735.58415,73.06,male,hispanic,14,25
595,23877.34763,65.08,male,other,14,25
596,20079.30612,64.49,female,white,16,44
597,56642.75654,66.91,female,black,13,41
598,63557.97607,66.58,male,white,16,35
599,46114.99405,74.49,male,white,12,26
600,24856.16761,62.84,female,white,13,35
601,31818.62362,74.17,male,white,12,40
602,4706.620724,73.86,male,black,6,66
603,2596.373715,63,female,black,16,23
604,13711.44909,62.37,female,black,11,27
605,8962.850627,61.96,female,white,12,22
606,40751.64545,66.75,female,white,16,31
607,31860.27472,69.1,male,white,12,61
608,47719.33618,73.1,male,white,12,38
609,20084.31877,63.03,female,white,12,39
610,1009.543913,60.19,female,white,12,38
611,16895.39904,67.24,female,white,14,36
612,25455.21194,68.73,male,white,12,23
613,71550.40368,70.95,male,white,12,33
614,63567.36946,72.35,male,white,14,58
615,991.4023098,62.95,female,white,12,66
616,39688.59057,70.55,male,white,14,85
617,31203.65662,63.75,female,white,14,56
618,28969.50855,64.52,female,white,16,34
619,11052.26855,68.13,male,white,12,71
620,47697.1019,74.14,male,white,12,36
621,29620.40269,62.11,female,white,11,51
622,40743.02314,64.81,female,white,16,51
623,1001.392852,66.42,female,white,14,59
624,10535.51094,59.93,female,white,5,66
625,111355.5825,68.96,male,white,18,46
626,24855.03549,61.2,female,other,16,38
627,40753.32807,65.17,female,white,17,37
628,56670.32739,65.88,female,white,16,32
629,28615.28001,70.22,male,white,16,28
630,44568.58097,72.07,male,black,15,34
631,24860.36377,63.94,female,hispanic,11,25
632,34957.12217,71.36,male,hispanic,14,32
633,1007.211949,62.74,female,white,12,33
634,55693.83376,72.86,male,white,12,34
635,29624.85479,64.52,female,black,15,50
636,55760.76647,67.86,male,white,14,41
637,27068.22919,63.7,female,black,12,25
638,34920.53906,66.03,male,black,16,41
639,48697.06004,67.18,female,white,16,62
640,28032.20627,64.07,female,hispanic,12,31
641,40745.3417,64.09,female,black,14,40
642,16899.76576,61.94,female,white,12,55
643,63679.4041,69.43,male,white,12,41
644,20859.12534,62.89,female,white,12,67
645,55622.5795,71.29,male,white,15,49
646,984.5002135,61.15,female,hispanic,16,27
647,166981.0251,75.23,male,white,12,53
648,159024.2055,70.35,male,white,18,44
649,33381.77398,68.61,male,white,12,55
650,16898.58502,63.93,female,white,14,60
651,52454.80221,72.05,male,white,12,30
652,41354.43244,68.64,male,white,18,29
653,96398.22937,62.95,female,white,10,82
654,28625.32974,71.44,male,white,16,49
655,24843.18047,58.97,female,white,8,65
656,8031.699978,68.31,male,white,13,24
657,95370.55595,76.73,male,white,17,46
658,20078.70179,67.96,female,white,14,73
659,44610.20259,70.28,male,black,18,42
660,66786.55078,69.29,male,white,18,47
661,4194.424256,63.43,female,white,12,37
662,31855.10334,73.14,male,black,18,37
663,44600.17706,66.41,male,other,15,44
664,15997.5456,72.1,male,black,17,66
665,69.69149279,65.97,male,white,16,69
666,49365.219,72.29,male,black,12,35
667,28014.32091,69.15,female,black,13,41
668,26427.67562,67.11,female,white,12,43
669,56644.6467,65.88,female,white,15,42
670,5775.405812,67.13,female,white,12,30
671,26443.09305,68.29,female,white,18,43
672,56659.18883,64.77,female,black,15,46
673,43928.41646,62.55,female,black,17,37
674,39716.92771,68.99,male,white,17,33
675,1013.149459,62.04,female,white,14,82
676,63549.44625,70.38,male,white,16,45
677,72559.78299,66.23,female,white,16,47
678,22225.11089,65.96,male,white,12,27
679,40739.34077,66.04,female,white,14,41
680,63629.79982,71.66,male,white,12,46
681,54097.4887,68.61,male,white,12,39
682,63563.48522,65.94,male,white,12,38
683,55702.30145,69.1,male,white,14,32
684,20079.0535,59.9,female,hispanic,12,55
685,48710.91974,64.89,female,white,17,47
686,37562.05418,61.81,female,white,12,44
687,4169.617562,66.73,female,white,12,34
688,31923.2309,67.11,male,white,14,29
689,16911.02483,68.29,female,black,9,66
690,996.6721524,64.96,female,black,6,71
691,96404.23538,65.97,female,black,16,47
692,19051.34041,74.3,male,black,16,45
693,40745.07289,65.19,female,white,18,65
694,35966.4028,62.73,female,black,14,77
695,998.6128443,61.64,female,white,12,42
696,12787.90706,67.82,male,white,17,29
697,4195.336277,65.65,female,white,16,25
698,30577.51518,64.93,female,white,16,30
699,32797.7152,62.44,female,white,14,24
700,158979.0912,72.74,male,white,18,41
701,80508.0901,61.91,female,white,15,44
702,42906.43302,69.7,male,white,12,46
703,2609.640693,57.34,female,black,12,62
704,28564.2914,67.72,male,white,12,24
705,28025.99756,66.98,female,white,14,27
706,16886.85146,64.44,female,white,12,78
707,22206.62116,69.86,male,white,14,39
708,11491.84438,72.53,male,white,14,70
709,1023.988921,62.99,female,other,8,56
710,53464.70505,63.3,female,white,17,43
711,36578.61737,65.62,male,white,12,38
712,16888.73939,64.78,female,white,12,45
713,34939.31719,61.12,male,white,12,28
714,21659.54189,60.56,female,hispanic,12,23
715,53459.74698,66.74,female,white,12,35
716,57150.24287,72.79,male,white,12,40
717,16898.64131,71.17,female,black,14,36
718,10547.89165,64.19,female,white,12,64
719,20090.35257,67.44,female,white,12,47
720,16900.93365,61.76,female,white,11,51
721,34400.79017,67.26,female,white,12,49
722,41363.67762,69.02,male,white,12,36
723,35991.88554,65.97,female,black,12,54
724,37571.37428,65.72,female,black,15,58
725,31883.25525,66.22,male,white,15,28
726,16910.1848,65.99,female,white,13,42
727,24824.38949,63.89,female,white,12,75
728,11207.89127,71.87,male,black,14,28
729,24859.42104,63.83,female,white,12,42
730,987.4779829,64.33,female,white,12,64
731,42339.84214,64.83,female,white,16,38
732,15961.4273,71.79,male,white,11,35
733,982.9252639,63.12,female,white,8,61
734,4753.879883,71.2,male,white,14,24
735,43913.66881,63.72,female,hispanic,17,45
736,45521.6194,64,female,white,17,29
737,24848.10633,66.95,female,white,12,31
738,87473.40752,75.04,male,white,18,34
739,32823.41494,65.68,female,hispanic,17,30
740,14525.06535,67.11,female,white,12,48
741,999.7960303,68.09,female,white,12,62
742,47682.54616,71.41,male,white,16,34
743,1002.439828,61.88,female,white,12,70
744,32801.26547,67.96,female,white,12,35
745,34947.91824,69.77,male,white,6,79
746,39823.37412,67.17,male,white,16,30
747,977.0953944,63.77,female,white,16,66
748,4758.443021,70.99,male,white,8,26
749,26437.65347,62.96,female,white,12,53
750,1012.993312,64.14,female,white,12,61
751,16878.835,60.61,female,black,12,43
752,24854.94245,65.34,female,black,12,32
753,44513.80489,66.96,male,white,12,50
754,50014.12247,65.18,male,white,14,39
755,150967.8783,66.3,male,white,18,56
756,60411.79974,66.64,male,white,12,44
757,47660.92521,73.89,male,white,12,45
758,57055.56534,73.95,male,white,16,46
759,20096.21742,66.07,female,white,13,26
760,16908.81132,69.12,female,white,16,29
761,72543.83602,66.05,female,white,18,48
762,63581.34565,74.27,male,white,16,60
763,34293.32094,71.96,male,white,12,31
764,22149.54276,66.26,male,white,12,66
765,60492.12123,67.04,male,other,17,58
766,2581.870402,64.79,female,white,12,22
767,22241.37095,65.29,male,white,12,77
768,24837.29869,64.98,female,white,12,35
769,1017.159961,62.58,female,hispanic,12,67
770,39167.74571,68.21,female,white,13,46
771,8161.623861,64.15,female,white,16,27
772,29627.84427,63.68,female,white,16,67
773,23260.53916,63.15,female,white,12,24
774,16903.35514,69.06,female,white,12,32
775,16108.24217,66.91,female,white,12,36
776,18516.68376,63.1,female,white,15,70
777,27100.83498,66.96,male,white,12,71
778,10559.48107,60.23,female,white,13,32
779,4972.035392,62.24,female,white,11,62
780,63505.67439,71.88,male,white,16,45
781,996.5617437,67.74,female,white,14,39
782,39706.41758,66.88,male,white,16,43
783,45523.4974,66,female,black,15,64
784,53471.43236,66.07,female,black,12,49
785,7370.751642,59.64,female,white,8,68
786,981.6289811,67.19,female,white,12,33
787,6528.937682,65.47,male,white,16,34
788,40752.14279,69.11,female,white,12,86
789,50863.95675,72.15,male,white,12,32
790,21674.31406,63.41,female,white,8,62
791,12698.1311,63.81,male,hispanic,8,31
792,987.9607965,61.66,female,other,17,30
793,993.1580653,64.93,female,white,13,60
794,28035.93983,64.08,female,white,12,42
795,24847.92161,67.41,female,white,12,81
796,28590.22198,65.71,male,white,13,36
797,19119.24976,73.4,male,white,12,28
798,11062.21663,73.87,male,white,7,53
799,1006.761541,65.63,female,white,12,28
800,2909.938058,65.08,female,white,14,26
801,-27.87681935,72.29,male,white,12,22
802,1000.221504,64.09,female,white,12,22
803,22329.15895,62.91,male,white,12,25
804,28028.84922,62.85,female,white,12,44
805,47765.34064,66.04,male,white,12,46
806,66.54283588,72.38,male,white,10,67
807,39678.5327,70.12,male,white,12,57
808,35978.77872,66.07,female,hispanic,12,37
809,24857.01602,62.92,female,white,12,25
810,42963.36201,72.94,male,white,12,95
811,32796.42456,63.26,female,white,16,30
812,15292.29678,68.74,female,white,11,38
813,994.5937579,66.3,female,white,14,28
814,27055.68663,72.35,male,white,12,34
815,3843.762866,67.86,female,white,12,50
816,29620.16509,64.07,female,white,12,50
817,40742.56415,63.38,female,white,18,46
818,31844.65186,70.34,male,black,16,45
819,120240.2782,63.8,female,white,15,44
820,6555.899147,66.3,female,white,12,44
821,58227.64317,60.76,female,white,12,75
822,47685.77934,72.2,male,white,12,29
823,40734.3058,64.77,female,white,13,82
824,2593.557403,63.79,female,white,14,30
825,95457.42124,67.82,male,white,12,70
826,55645.57789,73.86,male,white,13,80
827,14214.3088,67.14,male,white,13,37
828,55712.34843,70.13,male,white,9,88
829,18488.02244,66.21,female,white,10,62
830,19131.35554,70.93,male,white,12,56
831,47724.58341,70.96,male,white,12,47
832,30251.89265,71.1,male,black,7,61
833,14176.38725,73.37,male,white,9,65
834,47779.85992,75.01,male,white,16,33
835,988.0162365,62.18,female,white,12,37
836,14300.46058,71.72,male,white,12,36
837,24859.79607,65.36,female,hispanic,16,34
838,13712.52352,64.8,female,black,12,35
839,16884.77432,65.91,female,white,10,79
840,52499.27527,72.14,male,white,12,41
841,20095.90298,59.98,female,hispanic,12,32
842,29623.7009,64.12,female,white,15,41
843,48698.52505,65,female,white,13,65
844,20884.82177,64.94,female,white,12,36
845,16892.87407,62.1,female,black,12,40
846,13622.60934,67.76,male,black,13,75
847,33357.2799,72.91,male,black,14,50
848,1003.354724,62.98,female,white,12,33
849,34397.62697,63.58,female,white,12,81
850,1000.472513,65.81,female,white,13,28
851,34389.13204,67.92,female,white,17,29
852,1003.706543,63.1,female,white,13,43
853,8951.387277,65.83,female,white,12,56
854,35977.6148,70.85,female,white,17,40
855,47746.05656,72.99,male,white,14,30
856,1010.229032,64.17,female,white,12,32
857,196568.5892,61.32,female,white,14,62
858,13720.67406,62.68,female,white,9,49
859,1012.358652,63.12,female,white,9,58
860,994.5136807,61.78,female,white,8,60
861,4180.546045,64.29,female,white,9,29
862,13080.24806,67.15,female,white,6,66
863,1002.023843,66.59,female,white,12,22
864,992.1715478,60.73,female,white,18,49
865,16908.15688,63.28,female,white,12,29
866,55636.62224,73.11,male,white,12,52
867,24852.50972,66.06,female,white,16,61
868,7368.266106,70.2,female,white,12,26
869,25499.53966,68.08,male,white,8,28
870,1314.205874,66.84,female,white,12,37
871,36623.31219,74.3,male,white,16,29
872,26425.99746,64.28,female,white,16,31
873,982.1074726,61.11,female,white,12,31
874,996.9184997,66.34,female,white,12,56
875,10560.71633,59.71,female,white,12,53
876,1939.872576,59.32,female,white,9,50
877,995.5804645,62.15,female,black,16,40
878,996.2431507,61.78,female,black,14,65
879,1003.804146,61.56,female,white,12,29
880,44447.40996,74.83,male,other,16,38
881,7371.860195,65.92,female,white,8,70
882,23907.50568,64.37,male,white,12,39
883,23797.75135,71.15,male,white,12,29
884,999.2429586,60.96,female,white,10,39
885,40757.56845,63.02,female,white,12,34
886,24847.45991,67.2,female,white,12,30
887,63548.31362,69.24,male,white,11,48
888,47707.01188,69.64,male,white,11,55
889,8960.254558,66.11,female,white,12,33
890,55645.68185,73.98,male,white,14,38
891,26447.00357,65.03,female,white,14,35
892,45509.86505,63.49,female,white,16,44
893,31750.67703,68.1,male,white,15,46
894,33347.26371,66.19,male,white,13,34
895,27048.75269,69.33,male,black,12,46
896,39167.6226,59.75,female,white,13,54
897,40742.76915,60.61,female,white,12,79
898,63566.23284,74.98,male,white,12,50
899,998.7671877,63.01,female,hispanic,9,27
900,-98.58048907,69.12,male,white,13,24
901,993.102442,66.14,female,white,16,67
902,13718.62989,63.71,female,white,13,23
903,31214.71866,63.03,female,hispanic,15,49
904,72540.16739,66.94,female,white,16,73
905,7847.488282,64.33,male,black,17,37
906,-0.964888978,72.17,male,white,14,25
907,39165.67974,62.96,female,black,14,44
908,8939.874266,67.04,female,white,14,23
909,52519.63019,66.08,male,white,16,38
910,39148.22397,64.56,female,white,14,28
911,10524.33334,63.36,female,white,13,27
912,144086.4093,65.88,female,white,14,59
913,980.2989995,64.16,female,white,16,49
914,91628.44628,64.19,female,white,18,51
915,21922.31633,70.93,male,white,14,58
916,47648.57948,70.72,male,white,18,41
917,23809.44774,71.85,male,white,12,44
918,24860.64661,59.96,female,white,14,79
919,49236.36451,69.77,male,white,12,33
920,52421.82653,73.93,male,white,17,44
921,47707.84818,67.96,male,white,18,65
922,19150.33694,74.1,male,white,12,42
923,8012.349072,74.88,male,white,12,26
924,33388.29877,67.89,male,white,12,63
925,45529.93897,62.98,female,white,18,50
926,19031.9001,71.81,male,white,12,35
927,31207.47495,63.68,female,white,12,50
928,10557.20304,63.04,female,white,14,39
929,9431.115261,66.18,female,white,13,64
930,24852.91898,60.98,female,white,13,32
931,997.2485349,61.73,female,white,12,33
932,27009.50969,72.76,male,white,12,50
933,8466.49445,66.1,female,black,12,82
934,1007.994941,68.26,female,white,12,22
935,16124.96287,62.28,female,white,12,69
936,2634.964244,65.16,male,white,12,26
937,990.0826968,63.19,female,white,14,47
938,9576.388197,62.32,female,white,12,35
939,15892.2092,68.15,male,white,12,35
940,40744.87476,59.15,female,white,15,87
941,998.9254444,62.21,female,white,12,43
942,1013.524774,64.5,female,white,9,67
943,56656.30133,68.12,female,white,16,47
944,45523.58051,62.53,female,white,18,48
945,67762.22262,63.24,female,white,12,44
946,71609.06628,67.85,male,white,12,62
947,88453.59526,63.83,female,white,12,55
948,58228.08536,69.89,female,white,16,34
949,39858.0563,69.96,male,white,10,35
950,30161.92935,72.16,male,white,12,32
951,60431.91691,69.34,male,white,11,54
952,24850.19603,63.19,female,white,14,41
953,8162.682672,58.09,female,white,5,89
954,153635.7498,62.98,female,white,14,31
955,18497.95586,63.11,female,white,12,51
956,14306.43072,72.86,male,white,15,38
957,8945.551051,68.91,female,white,14,28
958,79540.64633,69.52,male,white,12,55
959,1007.911019,65.89,female,white,12,63
960,984.0472568,65.91,female,white,16,66
961,10537.46482,64.96,female,white,13,48
962,158930.4674,72.38,male,white,13,26
963,27220.00593,62.05,female,white,13,50
964,-25.65526037,68.9,male,white,12,22
965,50877.77617,71.69,male,white,14,44
966,47709.32926,73.13,male,white,18,45
967,16906.6361,68.19,female,white,16,46
968,1002.153897,63.62,female,white,12,39
969,24875.87166,65.8,female,white,12,23
970,11339.36239,59.92,female,white,8,87
971,42345.88183,60.31,female,white,18,67
972,28003.46747,65.03,female,white,12,63
973,35979.20023,62.73,female,other,18,63
974,16904.99845,64.38,female,white,12,45
975,79523.48684,70.81,male,white,14,62
976,31790.30067,67.43,male,white,12,39
977,1002.453711,66.78,female,white,13,63
978,1641.842466,62.86,female,white,12,35
979,26433.77956,64.82,female,white,14,63
980,16876.39178,65.85,female,white,12,70
981,23262.30627,63.38,female,white,13,62
982,8935.222877,65.04,female,white,15,24
983,63570.41437,73.88,male,white,16,38
984,8930.784556,67.27,female,white,13,59
985,40751.78353,67.65,female,white,17,51
986,20091.59644,65.17,female,white,12,55
987,93232.67243,63.72,female,white,16,38
988,29632.31009,67.94,female,white,16,30
989,1578.542814,64.53,male,white,12,22
990,33433.93647,72.24,male,white,17,51
991,17505.44546,65.73,male,black,12,66
992,21663.00432,63.69,female,white,12,40
993,991.995621,63.63,female,white,12,57
994,32809.63268,59.61,female,other,16,92
995,39829.32351,72.52,male,black,12,39
996,1945.445013,63.78,female,white,12,47
997,39693.92906,67.03,male,black,14,30
998,57292.99685,68,male,white,12,32
999,24854.10421,64.02,female,other,13,37
1000,6566.257137,66.16,female,white,12,55
1001,31215.74999,64.55,female,white,16,38
1002,98558.7781,70.02,male,white,14,58
1003,39773.24406,69.94,male,white,12,46
1004,79507.98706,65.79,male,white,12,56
1005,1002.600499,64.24,female,white,12,32
1006,1001.666482,66.3,female,white,13,30
1007,63533.34073,66.06,male,white,12,65
1008,41283.50907,74.15,male,white,18,30
1009,35981.51086,62.35,female,white,12,52
1010,34393.35117,65.53,female,white,17,43
1011,10719.19737,61.53,female,white,12,69
1012,48700.485,64.8,female,black,18,68
1013,10526.18933,63.02,female,white,12,82
1014,42872.26401,71.38,male,white,16,33
1015,7378.630166,66.01,female,white,16,46
1016,8026.645794,62.04,female,other,6,76
1017,999.8786616,61.82,female,white,12,80
1018,8942.806716,62.97,female,white,10,91
1019,1020.854718,64.72,female,white,9,79
1020,71538.28933,67.4,male,white,18,44
1021,29637.26797,60.78,female,white,14,49
1022,10538.74472,65.8,female,white,15,26
1023,988.1616283,61.2,female,white,12,53
1024,22252.89939,71.68,male,white,12,28
1025,56644.89677,69.27,female,white,14,28
1026,24852.16953,64.25,female,white,16,33
1027,20074.41898,62.75,female,black,12,33
1028,2600.435252,60.24,female,white,12,51
1029,50832.91878,69.42,male,black,15,37
1030,2396.147787,73.13,male,white,12,23
1031,5768.445034,65.09,female,black,16,27
1032,56642.43644,63.69,female,white,12,46
1033,990.8077122,63.03,female,white,12,49
1034,998.6715676,62.86,female,white,16,33
1035,111205.8551,72.18,male,white,15,52
1036,34399.76229,66.98,female,white,16,32
1037,79576.54194,68.85,male,white,11,22
1038,23824.41049,70.75,male,white,9,25
1039,-56.32197884,67.81,male,hispanic,10,22
1040,-66.12830047,72.92,male,black,12,24
1041,15316.98978,65.87,female,black,8,39
1042,16906.28417,63.17,female,black,14,29
1043,1013.912406,65.3,female,white,12,64
1044,47740.83104,70.88,male,white,12,51
1045,25452.1339,72.11,male,white,14,25
1046,31876.57842,67.72,male,white,12,55
1047,1003.371768,63.82,female,white,12,49
1048,158996.0807,71.83,male,white,17,58
1049,16889.98691,65.61,female,white,12,47
1050,55635.38438,66.11,male,white,14,67
1051,12115.91732,64.71,female,white,16,35
1052,1007.250484,65,female,white,12,66
1053,1010.463417,66.17,female,white,12,56
1054,991.1244678,64.87,female,white,11,42
1055,12721.33773,71.39,male,black,14,31
1056,17477.47431,74.38,male,white,10,54
1057,39764.53,69.77,male,white,9,51
1058,40740.01391,63.82,female,white,14,49
1059,47770.82248,69,male,white,14,52
1060,25.50737933,66.02,male,white,12,30
1061,77311.93896,62.62,female,white,18,38
1062,28041.33998,68.02,female,white,12,50
1063,1005.838474,70.7,female,white,8,74
1064,41433.65911,72.86,male,white,16,28
1065,16896.30809,63.35,female,white,12,65
1066,995.7465796,65.19,female,white,11,61
1067,95351.206,71.05,male,white,18,57
1068,35978.36152,65.36,female,white,18,33
1069,10861.09228,64.03,female,white,13,87
1070,39168.29419,65.22,female,white,16,36
1071,31789.2198,71.41,male,white,14,44
1072,12137.24483,69.85,female,white,14,34
1073,-30.42350246,72.38,male,black,12,23
1074,48688.92975,67.71,female,black,16,52
1075,37563.43427,65.88,female,white,18,32
1076,32821.19369,63.71,female,white,12,44
1077,5780.073675,66.19,female,white,16,33
1078,999.6310357,62.82,female,white,12,35
1079,47782.63254,70.35,male,white,16,45
1080,20075.67655,64.23,female,white,14,27
1081,993.3959925,66.15,female,white,7,45
1082,1025.012903,63.26,female,white,10,41
1083,63513.10274,71.25,male,white,12,42
1084,24859.9458,64.02,female,white,14,27
1085,58225.61174,62.42,female,white,16,49
1086,16889.66112,65.5,female,white,12,57
1087,995.5544896,63.08,female,white,11,69
1088,21669.24845,67.98,female,white,14,52
1089,1009.767046,64.88,female,white,12,63
1090,1010.981366,60.61,female,white,14,45
1091,16894.28354,61.77,female,black,12,31
1092,47695.19506,68.89,male,black,12,41
1093,36593.69324,64.16,male,white,13,36
1094,31833.06417,69.63,male,white,17,72
1095,31216.4728,64.6,female,white,13,86
1096,31818.01176,61.21,male,black,11,70
1097,44466.48065,63.44,male,black,14,67
1098,21681.9346,65.14,female,white,10,84
1099,19119.58424,63.61,male,white,12,79
1100,31760.30975,69.06,male,white,11,27
1101,39789.47342,73.88,male,white,12,34
1102,40735.58211,67.8,female,white,13,56
1103,1004.344366,67.65,female,white,12,38
1104,1014.450456,64.91,female,white,14,45
1105,29620.99701,66.87,female,white,16,44
1106,988.5650702,64.71,female,white,12,22
1107,995.3746175,64.18,female,white,18,50
1108,10529.75065,62.09,female,white,10,72
1109,25427.40016,72.05,male,white,13,27
1110,71514.32892,73.05,male,white,16,42
1111,39806.85217,69.94,male,white,14,73
1112,20073.71565,63.99,female,white,14,42
1113,4160.531055,67.87,female,white,12,22
1114,16890.61726,62.86,female,white,12,22
1115,22286.80041,71.18,male,white,12,40
1116,24852.3362,64.41,female,white,12,35
1117,995.172315,67.35,female,white,11,41
1118,16901.82647,59.77,female,white,12,43
1119,2919.126005,65.51,female,white,4,68
1120,24850.83086,59.01,female,white,14,66
1121,16900.74516,62.86,female,white,13,68
1122,3163.022911,66.3,male,white,12,22
1123,1006.017626,66.21,female,white,12,39
1124,7365.503804,64.7,female,white,13,37
1125,16894.02215,63.96,female,white,14,36
1126,3393.789998,65.78,female,white,12,27
1127,28624.17164,66.33,male,hispanic,17,30
1128,6396.298584,72.99,male,white,15,28
1129,44524.6055,71.76,male,white,16,30
1130,16913.99832,74.3,female,white,14,26
1131,5772.982086,65.06,female,white,16,26
1132,999.2367371,63.53,female,white,14,35
1133,19020.21263,71.06,male,white,12,25
1134,31197.90288,68.08,female,white,13,49
1135,1008.021839,61.35,female,white,12,37
1136,57262.11577,69.77,male,white,16,43
1137,12154.01247,64.19,female,white,16,63
1138,56655.85205,59.16,female,white,11,38
1139,63508.2745,68.27,male,white,18,47
1140,23896.1226,68.31,male,white,14,29
1141,13717.66574,69.24,female,white,13,47
1142,40744.01423,69.02,female,white,14,59
1143,44511.83887,75.02,male,white,18,42
1144,35056.18974,68.75,male,white,14,39
1145,34166.15882,72.1,male,black,13,28
1146,5771.771149,68.35,female,white,12,27
1147,36577.51144,71.74,male,white,13,32
1148,28718.20504,71.88,male,white,12,77
1149,31709.34531,66.61,male,white,16,75
1150,26432.02386,63.23,female,hispanic,12,50
1151,23817.84375,68.62,male,white,12,30
1152,85268.64469,62.85,female,hispanic,17,36
1153,41349.94837,71.99,male,white,12,31
1154,7364.53214,64.81,female,other,12,32
1155,15809.04488,72.98,male,white,16,63
1156,68330.02917,69.06,male,white,12,55
1157,27130.70191,69.07,male,other,14,37
1158,7363.697431,60.66,female,hispanic,12,42
1159,79485.88549,72.8,male,white,15,52
1160,88456.4732,67.03,female,white,18,55
1161,45507.97885,62.91,female,white,16,45
1162,998.4296834,66.09,female,white,12,52
1163,8951.016658,61.87,female,white,14,52
1164,29614.94831,65.05,female,white,13,53
1165,33385.64913,71.65,male,hispanic,15,66
1166,20085.68725,66.91,female,white,12,37
1167,53481.86112,65.46,female,hispanic,16,66
1168,79582.97224,71.73,male,hispanic,13,68
1169,10543.00598,65.35,female,hispanic,9,78
1170,26433.44573,63.98,female,white,14,63
1171,55665.7386,67.76,male,white,12,54
1172,40750.95887,68.43,female,white,12,47
1173,31779.05243,75.89,male,white,14,30
1174,29618.67094,63.28,female,white,12,40
1175,54032.41634,73.66,male,white,14,82
1176,39720.11693,67.95,male,white,16,29
1177,31789.54968,72.13,male,white,17,81
1178,52556.66225,68.05,male,white,12,73
1179,7362.324696,65.15,female,white,12,77
1180,32821.73944,59.85,female,white,8,81
1181,63629.14368,71.62,male,white,16,37
1182,23272.68283,63.92,female,white,14,44
1183,20070.42668,68.19,female,white,12,52
1184,40752.78579,60.68,female,white,12,35
1185,112293.2285,67.16,female,white,10,76
1186,61431.23582,67.35,female,white,17,59
1187,23273.06432,62.89,female,white,12,32
1188,1005.668571,63.08,female,white,15,37
1189,24867.39449,59.74,female,white,13,41
1190,27052.31454,74.2,male,white,16,35
1191,95353.79496,69.22,male,white,14,70
1192,24862.39047,66.82,female,white,15,73
1193,39757.94721,64.79,male,white,16,90
1194,28612.78989,62.2,male,hispanic,12,67
1195,-1.509369649,64.92,male,white,12,59
1196,111285.6366,72.19,male,white,18,51
1197,987.7837516,66.04,female,hispanic,11,53
1198,48687.84848,65.16,female,white,18,63
1199,13713.74424,61.86,female,white,12,55
1200,47740.9785,70.87,male,white,16,38
1201,998.7433843,62.2,female,white,11,30
1202,42941.43511,71.11,male,white,14,36
1203,74706.6533,70.24,male,white,18,47
1204,19037.44549,67.15,male,hispanic,12,26
1205,39157.75104,62.05,female,white,17,38
1206,21664.65994,63.05,female,hispanic,12,39
1207,128217.0422,60.94,female,white,14,41
1208,7935.494807,71.42,male,white,12,22
1209,1001.906633,64.92,female,white,12,32
1210,40760.91156,63.15,female,white,10,64
1211,44533.11,66.12,male,white,12,48
1212,13695.75285,64.1,female,white,15,24
1213,16880.99983,65.96,female,white,13,55
1214,15296.73036,68.23,female,white,14,45
1215,32784.82723,60.26,female,white,12,41
1216,19053.56911,65.21,male,white,12,75
1217,24854.23064,64.69,female,white,14,70
1218,32789.37967,60.64,female,white,14,40
1219,45525.7375,64.01,female,white,14,40
1220,1432.290974,65.79,female,white,15,25
1221,55693.55175,68.99,male,white,14,78
1222,42341.55608,65.93,female,hispanic,14,36
1223,43933.82807,66.67,female,white,17,38
1224,23263.24625,68.63,female,white,12,34
1225,50908.89708,65.76,male,white,16,37
1226,16906.34604,68.97,female,white,14,36
1227,11121.52826,69.72,male,white,16,34
1228,44492.42226,71.03,male,white,17,50
1229,95400.56098,73.8,male,white,13,58
1230,19050.83169,68.91,male,white,4,66
1231,1013.526228,65,female,white,13,67
1232,995.7815339,65.21,female,white,12,50
1233,24857.53033,74.88,female,white,13,79
1234,23863.01233,71.57,male,white,11,67
1235,42322.07371,64.12,female,white,15,36
1236,992.8856721,58.99,female,black,12,47
1237,-49.59762423,70.96,male,other,12,24
1238,41288.42309,71.91,male,hispanic,16,29
1239,30767.84611,63.23,female,black,10,40
1240,1001.498043,68.29,female,black,12,26
1241,20079.55743,63.8,female,black,12,77
1242,127226.5997,69.95,male,white,17,43
1243,77309.53294,66.06,female,white,13,43
1244,28575.38556,62.05,male,other,16,31
1245,135137.6869,70.25,male,white,15,69
1246,56657.60813,64.13,female,black,12,51
1247,8027.185316,68.63,male,white,16,26
1248,15309.47021,63.81,female,hispanic,13,26
1249,48708.17912,66.66,female,white,16,31
1250,127277.4925,72.18,male,white,14,62
1251,56642.96961,65.09,female,white,16,36
1252,20084.66928,62.95,female,white,14,38
1253,317949.128,70.24,male,white,18,38
1254,7375.925709,63.98,female,white,16,49
1255,3199.963255,68.07,male,white,12,22
1256,39169.10005,66.02,female,white,18,73
1257,3128.400454,65.48,male,hispanic,15,27
1258,23908.08233,70.4,male,white,17,34
1259,10533.104,61.49,female,white,12,69
1260,7869.857088,65.83,male,white,12,79
1261,3375.819307,65.86,female,hispanic,12,25
1262,45509.39904,63.86,female,white,18,52
1263,15290.24412,69.81,female,white,12,39
1264,95402.65987,74.25,male,white,14,56
1265,1889.140883,66.1,male,white,12,23
1266,3224.436076,62.09,female,hispanic,3,68
1267,12132.50277,65.95,female,white,13,47
1268,34398.58044,62.01,female,white,12,35
1269,69966.21289,68.9,male,white,12,62
1270,46143.84782,68.08,male,black,16,40
1271,4767.095974,72.33,male,hispanic,14,22
1272,19086.12448,64.04,male,black,13,26
1273,988.8786514,64.1,female,black,16,23
1274,1000.688117,59.57,female,hispanic,9,43
1275,31859.90395,72.28,male,hispanic,12,32
1276,2912.616856,61.72,female,black,5,77
1277,58812.55548,74.52,male,white,16,29
1278,12721.5684,65.93,male,other,10,64
1279,55596.62355,68.04,male,hispanic,16,34
1280,39687.72034,61.89,male,other,14,41
1281,29600.80026,71.22,female,white,10,33
1282,48698.51733,62.99,female,black,16,40
1283,31762.51948,68.73,male,white,18,73
1284,19176.33419,70.83,male,hispanic,6,44
1285,1003.948189,64.17,female,hispanic,12,69
1286,16898.15398,66.07,female,white,12,72
1287,28592.61548,72.31,male,white,14,52
1288,986.1657287,62.46,female,hispanic,15,63
1289,31868.47934,71.49,male,black,12,30
1290,50293.34554,67.94,female,white,16,47
1291,9521.391852,64.41,male,hispanic,10,40
1292,1004.209777,64.37,female,white,12,42
1293,19095.26155,69.52,male,white,13,44
1294,21672.45903,65.56,female,white,16,37
1295,42342.17593,67.01,female,white,17,38
1296,24857.44136,67.82,female,black,11,35
1297,48694.12417,64.07,female,white,17,32
1298,4199.254822,65.01,female,white,14,45
1299,7876.230872,69.78,male,other,13,26
1300,85249.28388,71.28,female,white,14,30
1301,993.7357983,63.83,female,white,12,40
1302,4159.033222,61.54,female,white,13,22
1303,39787.62141,70.48,male,white,17,33
1304,8056.635012,73.65,male,white,12,22
1305,34382.07403,64.86,female,white,13,31
1306,28038.35789,70,female,white,15,31
1307,20087.0439,63.81,female,white,13,41
1308,66771.75393,70.25,male,hispanic,14,48
1309,33417.52085,74.3,male,white,12,37
1310,10531.98813,63.14,female,hispanic,12,69
1311,994.5157465,59.23,female,hispanic,12,50
1312,39790.7426,73.85,male,white,14,28
1313,5753.107623,66.17,female,white,14,23
1314,6722.68143,64.94,female,white,15,71
1315,6373.617569,70.59,male,white,12,23
1316,31879.35353,69.07,male,white,14,62
1317,82711.75336,60.14,male,white,15,54
1318,96406.76133,64.37,female,white,12,47
1319,24839.63984,63.84,female,white,13,45
1320,143040.7089,72.27,male,white,16,54
1321,42349.19381,61.38,female,white,14,69
1322,1013.288422,62.68,female,hispanic,13,36
1323,3153.356653,69.16,male,white,12,25
1324,26434.50261,66.82,female,white,12,65
1325,39165.92894,65.15,female,hispanic,11,31
1326,23905.68941,67.55,male,hispanic,16,32
1327,66770.38965,74.1,male,white,17,47
1328,1007.816761,62.35,female,white,15,52
1329,16902.23965,64.83,female,white,12,47
1330,27044.39899,70.96,male,hispanic,13,40
1331,48702.17709,64.03,female,white,14,38
1332,1000.885643,64.92,female,white,16,26
1333,51874.20887,68.84,female,white,17,41
1334,58234.58097,63.6,female,hispanic,17,38
1335,15865.72683,71.9,male,hispanic,13,24
1336,32792.05395,63.12,female,white,15,33
1337,39160.1585,64.93,female,white,12,33
1338,27043.67205,72.12,male,white,12,36
1339,37592.31173,64.49,female,white,14,52
1340,40747.96551,63.91,female,white,12,37
1341,79603.45646,71.36,male,white,12,54
1342,1006.469902,63.48,female,white,14,43
1343,32793.91201,61.82,female,white,12,34
1344,48693.20245,66.01,female,white,16,37
1345,12137.67647,63.95,female,white,10,43
1346,11176.06594,66.99,male,white,10,82
1347,47774.25222,67.79,male,white,11,36
1348,5761.175343,66.38,female,white,12,28
1349,32799.14469,65.97,female,white,14,47
1350,64607.96187,65.68,female,white,16,63
1351,15899.40316,67.02,male,white,12,81
1352,25361.82838,66.1,male,white,12,41
1353,18482.95718,63.27,female,white,9,55
1354,26432.88646,67.89,female,white,13,47
1355,28644.5001,70.32,male,white,12,31
1356,20065.08274,62.98,female,white,16,30
1357,6354.842127,70.09,male,black,14,25
1358,95416.6068,71.92,male,white,12,49
1359,68428.92306,74.92,male,white,17,44
1360,50299.05129,61.97,female,white,14,43
1361,80518.40938,67.98,female,white,17,43
1362,43919.89434,68.18,female,white,14,33
1363,47712.44094,69.85,male,white,17,60
1364,19182.60743,73.26,male,black,13,25
1365,987.2651312,69.01,female,white,16,43
1366,32798.05118,62.37,female,white,17,34
1367,24849.19329,60.3,female,black,12,80
1368,40757.93508,64.17,female,other,16,41
1369,4184.222685,60.19,female,hispanic,6,71
1370,4755.736508,72.94,male,hispanic,15,24
1371,175901.4536,65.9,female,other,18,52
1372,87473.96878,68.82,male,white,18,75
1373,92205.59611,69.62,male,white,18,57
1374,16905.55785,70.08,female,white,16,40
1375,30173.38036,71.68,male,white,12,33
1376,24853.51951,61.31,female,white,18,86
1377,13710.67131,63.64,female,white,12,37
1378,95426.01441,71.65,male,white,12,54
1379,9575.461857,68.22,male,white,12,31
